Date,BAB
2015-12-01,0.250668128384861
2015-12-02,0.139062278189625
2015-12-03,-0.25824952265278
2015-12-04,1.16440101692415
2015-12-07,0.882859212046795
2015-12-08,0.185172445623842
2015-12-09,-0.449547439343952
2015-12-10,-0.438505451747016
2015-12-11,-0.031166952049025413
2015-12-14,0.4635244910402434
2015-12-15,-0.0213044038435064
2015-12-16,0.1089391490351526
2015-12-17,0.7615570110694873
2015-12-18,-0.015357172331346994
2015-12-21,-0.23641153479685614
2015-12-22,-0.04854821013408461
2015-12-23,-0.7608611688350106
2015-12-24,0.04415387991948312
2015-12-25,-0.0005947019563395019
2015-12-28,0.5592274356117498
2015-12-29,0.22958534742259898
2015-12-30,0.18200128606396634
2015-12-31,-0.14287126224685368
2016-01-01,-0.000427270479248407
2016-01-04,-1.0548543682253397
2016-01-05,1.1222530839605591
2016-01-06,1.5472463602457105
2016-01-07,0.5373569206099282
2016-01-08,0.013946028647425921
2016-01-11,0.5027159365856312
2016-01-12,-0.07425464497159989
2016-01-13,-0.3039316030552798
2016-01-14,-0.6481825453998257
2016-01-15,-0.5938600182292992
2016-01-18,-0.000429423460152508
2016-01-19,0.9043920444866642
2016-01-20,-1.1067523675606443
2016-01-21,-0.612433354525462
2016-01-22,0.31010104170504793
2016-01-25,0.6141136539951019
2016-01-26,-0.42458979827328414
2016-01-27,-0.12134893182255004
2016-01-28,0.40436596230951255
2016-01-29,-0.17723315172047374
2016-02-01,0.8977478949808838
2016-02-02,1.1160794829482796
2016-02-03,-0.8290255308720381
2016-02-04,-1.425025953426645
2016-02-05,0.16602641280924602
2016-02-08,0.8167570296510569
2016-02-09,0.4757735105703655
2016-02-10,0.5211953897146635
2016-02-11,-0.3271077077275252
2016-02-12,-0.445715019139666
2016-02-15,-0.0008589670326831179
2016-02-16,-0.5742263071952659
2016-02-17,-1.1000711342223197
2016-02-18,0.42608587851422614
2016-02-19,0.5829333263562293
2016-02-22,-0.5397280935969205
2016-02-23,0.8361083958593465
2016-02-24,-0.016193569826437517
2016-02-25,0.4452761814654018
2016-02-26,-0.7611342338465044
2016-02-29,-0.8556569807784157
2016-03-01,0.19407979803948475
2016-03-02,-1.2038577582461958
2016-03-03,-1.8242381364235771
2016-03-04,-1.1519144647403896
2016-03-07,-1.491922313662226
2016-03-08,2.535462661882622
2016-03-09,0.2228391598642809
2016-03-10,0.42150596917055533
2016-03-11,-0.9658260631685299
2016-03-14,0.249307730787957
2016-03-15,1.1230179060240857
2016-03-16,-0.7247084991159639
2016-03-17,-0.8927793925229223
2016-03-18,0.06744626886625193
2016-03-21,0.2814223678795589
2016-03-22,-0.12298792894822376
2016-03-23,1.6457375430067738
2016-03-24,-0.10572383972457661
2016-03-25,-0.000890784586357766
2016-03-28,0.3693000969248196
2016-03-29,-0.18459751037314015
2016-03-30,-0.1108737331398561
2016-03-31,-0.6648430235145768
2016-04-01,0.7535609387500048
2016-04-04,0.8492540848442415
2016-04-05,-0.1163869374815241
2016-04-06,-0.63707939860045
2016-04-07,0.2602572981913007
2016-04-08,-0.5783663862909185
2016-04-11,-0.17010609680108374
2016-04-12,-0.7152366254014872
2016-04-13,-0.8373413590912999
2016-04-14,0.36552072223146936
2016-04-15,0.25762071757610844
2016-04-18,-0.24573797937511452
2016-04-19,-0.4124529574863532
2016-04-20,-0.6221104393457433
2016-04-21,-0.33429746215371253
2016-04-22,-0.8059555257012213
2016-04-25,1.1734903776930665
2016-04-26,-0.5407327302238469
2016-04-27,-0.950039617835809
2016-04-28,0.6247190428465382
2016-04-29,0.4358171257673054
2016-05-02,0.39617646393787836
2016-05-03,1.6428002850027528
2016-05-04,0.7500582409973399
2016-05-05,0.18450476386591913
2016-05-06,-0.20258784662769272
2016-05-09,0.9000491591147011
2016-05-10,-0.3227069027038006
2016-05-11,-0.13939182314679835
2016-05-12,0.40038170073360213
2016-05-13,0.5058799532346252
2016-05-16,0.04134346194926159
2016-05-17,-0.9079522737478961
2016-05-18,-0.11961540452074698
2016-05-19,0.1345182048118121
2016-05-20,-0.24551483689454234
2016-05-23,0.20821745562715827
2016-05-24,0.1687989860820312
2016-05-25,-1.068732147134463
2016-05-26,0.4074267782792843
2016-05-27,0.1684892508861321
2016-05-30,-0.000620337168307917
2016-05-31,0.22141529584942776
2016-06-01,-0.15469008008680996
2016-06-02,-0.11359178410184438
2016-06-03,0.6589442528160153
2016-06-06,-1.091694041616676
2016-06-07,0.09318222438051947
2016-06-08,0.01876336738711471
2016-06-09,0.7193802128105344
2016-06-10,0.9586433138269348
2016-06-13,-0.22954000846580852
2016-06-14,-0.007428571713591631
2016-06-15,-0.08107624505379837
2016-06-16,0.38595602364496595
2016-06-17,-0.9824409038408591
2016-06-20,-0.024937680613748472
2016-06-21,0.19752491423555055
2016-06-22,0.30221495052649167
2016-06-23,-0.6387307969254381
2016-06-24,1.5378307656082169
2016-06-27,1.3531805084470665
2016-06-28,-0.18486692062349386
2016-06-29,0.012662397455774318
2016-06-30,0.1587098862385031
2016-07-01,-0.3447421073486834
2016-07-04,-0.0007393205494514461
2016-07-05,1.8133373654364067
2016-07-06,0.27048108053945247
2016-07-07,-0.48760274868646275
2016-07-08,-0.0755141153746194
2016-07-11,-0.09978952333060345
2016-07-12,-1.3229871698581612
2016-07-13,0.7772331616811454
2016-07-14,-0.2931928230354361
2016-07-15,0.11822401748858989
2016-07-18,-0.12129017455968327
2016-07-19,0.8353334257872819
2016-07-20,-0.23879082531321766
2016-07-21,0.2449294440302024
2016-07-22,1.0967214221287844
2016-07-25,0.5244649606002693
2016-07-26,-0.844489182843909
2016-07-27,-0.26152681108048204
2016-07-28,0.7819492429007147
2016-07-29,-0.028032578165429284
2016-08-01,0.6857244320710607
2016-08-02,-0.20804109818101366
2016-08-03,-0.6514432852224414
2016-08-04,-0.10762536744946873
2016-08-05,-0.530358768994655
2016-08-08,-0.3560424248149056
2016-08-09,0.26600206444174707
2016-08-10,0.012975759568618591
2016-08-11,-0.5396966436470535
2016-08-12,-0.057025006233208414
2016-08-15,-0.5930979965215812
2016-08-16,-0.27396750855158614
2016-08-17,0.3508345844920828
2016-08-18,-0.33108725794945104
2016-08-19,-0.02847057798734984
2016-08-22,0.7028684161417784
2016-08-23,-0.4165651318216979
2016-08-24,0.6234671777283384
2016-08-25,0.015429664081084898
2016-08-26,-0.28691776710181666
2016-08-29,0.00827529956868248
2016-08-30,-0.2740580189075149
2016-08-31,0.4281540314950101
2016-09-01,0.40360542421992934
2016-09-02,0.0133151276954161
2016-09-05,-0.0009543372463391691
2016-09-06,0.24943932288886986
2016-09-07,-0.34241200867076665
2016-09-08,-0.21499545046643861
2016-09-09,-0.2788009751051509
2016-09-12,0.12208732012075997
2016-09-13,0.13465524781710275
2016-09-14,0.0685441865786714
2016-09-15,0.13844057914823177
2016-09-16,0.6881449036478312
2016-09-19,-0.05285183017769441
2016-09-20,0.1601190810558636
2016-09-21,-0.21512873958468093
2016-09-22,-0.00397724361756931
2016-09-23,0.4846678815607442
2016-09-26,-0.15579624471193232
2016-09-27,0.02494484391051814
2016-09-28,-1.1388842362670575
2016-09-29,-0.4334074911192271
2016-09-30,0.1990735030752058
2016-10-03,-0.30028688187707125
2016-10-04,-0.5267923979568186
2016-10-05,-0.9265108459039257
2016-10-06,-0.0031761200380881482
2016-10-07,0.7939096397898977
2016-10-10,-0.04896838644119156
2016-10-11,0.12949514402332993
2016-10-12,0.4862806178032896
2016-10-13,0.12439215379636158
2016-10-14,0.24051446068307086
2016-10-17,0.14516371893186955
2016-10-18,-0.22738461448168698
2016-10-19,-0.14316696734831164
2016-10-20,-0.35761077195684005
2016-10-21,0.17892599042579876
2016-10-24,0.18134709040431152
2016-10-25,0.28641858220614125
2016-10-26,-0.18646682733367642
2016-10-27,-0.05973494300414395
2016-10-28,0.43539037822343835
2016-10-31,0.8870530055662853
2016-11-01,-0.6794118809585918
2016-11-02,0.10638027821793529
2016-11-03,-0.4120976486208515
2016-11-04,-0.6882542531162781
2016-11-07,-0.0679229244646576
2016-11-08,0.20146376397418211
2016-11-09,-1.3259743373111779
2016-11-10,-0.6616043647287231
2016-11-11,0.5830578560921216
2016-11-14,-0.3674995263790959
2016-11-15,-0.538218247946524
2016-11-16,0.15492542512488325
2016-11-17,0.7313688842727443
2016-11-18,0.441751144582697
2016-11-21,-0.0005292760542052649
2016-11-22,0.7142578202706128
2016-11-23,-0.6899469711571423
2016-11-24,-0.000964208723497014
2016-11-25,0.922484622683922
2016-11-28,0.807608090734375
2016-11-29,0.9635454421631021
2016-11-30,-1.7790401761277246
2016-12-01,-0.5456018281111631
2016-12-02,0.2768082885058293
2016-12-05,0.008179308473741372
2016-12-06,0.19848265045246302
2016-12-07,0.4962349884740252
2016-12-08,-0.16724142449320384
2016-12-09,0.35071122280412187
2016-12-12,0.589060215079354
2016-12-13,0.09589594084701392
2016-12-14,0.008774617387727248
2016-12-15,-0.4398632241822252
2016-12-16,0.2122009346698673
2016-12-19,0.5178501378981231
2016-12-20,-0.008220310124665254
2016-12-21,-0.2096078561520543
2016-12-22,0.3855376735999417
2016-12-23,0.5371247308987516
2016-12-26,-0.001371557692231293
2016-12-27,-0.17019568364065435
2016-12-28,0.05544955418534172
2016-12-29,0.9677896435989897
2016-12-30,0.5629404159513389
2017-01-02,-0.001392350614345377
2017-01-03,-0.8261179188355691
2017-01-04,-0.6193381588235342
2017-01-05,0.5835602201270086
2017-01-06,-0.2078810910137344
2017-01-09,-0.17080500412429964
2017-01-10,-0.39562056616309305
2017-01-11,1.1303816772421564
2017-01-12,-0.6369566509468892
2017-01-13,0.10534614422419218
2017-01-16,-0.001385903298281276
2017-01-17,0.6347493224684577
2017-01-18,0.1366135066109927
2017-01-19,-0.21468215814990851
2017-01-20,0.13676847761386815
2017-01-23,0.1107573121269234
2017-01-24,-0.2289888641985976
2017-01-25,-0.1968619525794898
2017-01-26,0.24628265200237945
2017-01-27,0.18413674184808945
2017-01-30,0.21253269329195926
2017-01-31,0.12620909682671927
2017-02-01,-0.3632886187291487
2017-02-02,0.599792090585998
2017-02-03,0.20359073856054988
2017-02-06,0.30317718481582984
2017-02-07,0.4600161921781538
2017-02-08,-0.055325436920387244
2017-02-09,-0.12808614938699425
2017-02-10,0.21139472174645035
2017-02-13,0.05087736360701803
2017-02-14,-0.4538744819233236
2017-02-15,-0.12075945671108372
2017-02-16,0.4401865368022844
2017-02-17,0.268682488823246
2017-02-20,-0.001425160587106156
2017-02-21,-0.2193736903711794
2017-02-22,0.5366623038763196
2017-02-23,0.4418204785229427
2017-02-24,0.26939179566586563
2017-02-27,-0.1705917663674908
2017-02-28,-0.3671100292327384
2017-03-01,-0.3379231632666577
2017-03-02,0.20108651432834235
2017-03-03,-0.12214384902241265
2017-03-06,-0.1445139367621781
2017-03-07,0.1940660586864934
2017-03-08,-0.15448946108074507
2017-03-09,-0.0350189148808913
2017-03-10,0.045157313097092214
2017-03-13,0.2431307254592718
2017-03-14,0.37141343818053324
2017-03-15,-0.01893895793104315
2017-03-16,-0.06819586128463993
2017-03-17,0.9920635810442622
2017-03-20,-0.1556979439443631
2017-03-21,0.42407193624771417
2017-03-22,-0.3134175309388642
2017-03-23,0.20376275935287988
2017-03-24,0.12027628675101061
2017-03-27,-0.03225838812118259
2017-03-28,-0.32739283317130896
2017-03-29,-0.04877305338641801
2017-03-30,0.23209227296095547
2017-03-31,0.06351145036438934
2017-04-03,0.07165862717058977
2017-04-04,-0.12083938603039662
2017-04-05,0.4417117335175301
2017-04-06,-0.17292999186147257
2017-04-07,0.12633036278163742
2017-04-10,-0.4283940082496696
2017-04-11,0.1277106601075877
2017-04-12,0.8125980018202312
2017-04-13,0.08236481079817867
2017-04-14,-0.001936045980880419
2017-04-17,0.5710580031990334
2017-04-18,-0.09415196773404767
2017-04-19,0.3519181526606799
2017-04-20,0.04249707111013352
2017-04-21,0.2675470212944423
2017-04-24,-0.227525351836017
2017-04-25,-0.1447720453141488
2017-04-26,-0.13842749640843513
2017-04-27,0.08795444858405176
2017-04-28,0.3780245543531453
2017-05-01,-0.16961833784578967
2017-05-02,0.48656726516591337
2017-05-03,-0.0015262969478344029
2017-05-04,0.27456392645418676
2017-05-05,-0.36795088242917473
2017-05-08,0.02769654055635506
2017-05-09,-0.18209829944897754
2017-05-10,-0.21789207263296986
2017-05-11,0.012134928337849174
2017-05-12,0.05026697332288753
2017-05-15,-0.07269637719882698
2017-05-16,0.029201122497167505
2017-05-17,0.40541683077939233
2017-05-18,0.08377949336855343
2017-05-19,-0.2009235312070889
2017-05-22,0.2500635658523616
2017-05-23,0.15301015732923717
2017-05-24,0.29134616776968997
2017-05-25,0.7015518532254058
2017-05-26,0.07382382868370749
2017-05-29,-0.0020390301959658363
2017-05-30,0.21427590089324938
2017-05-31,0.4963522861425628
2017-06-01,-0.44772611214032576
2017-06-02,0.8413261535628846
2017-06-05,-0.06714596263265517
2017-06-06,-0.3409823040970996
2017-06-07,0.4874219327249685
2017-06-08,-0.38617919191880734
2017-06-09,-0.07029368985032583
2017-06-12,-0.11881710861657226
2017-06-13,0.03060892897309024
2017-06-14,0.3164809846659508
2017-06-15,0.5814850419769927
2017-06-16,-0.3545237170921062
2017-06-19,-0.32258706719322205
2017-06-20,0.28877340767954535
2017-06-21,0.07314379751873339
2017-06-22,-0.23083138125586125
2017-06-23,0.023263514067154458
2017-06-26,-0.2099915842511962
2017-06-27,-0.1695749938663958
2017-06-28,-0.16678802539565182
2017-06-29,-0.13271667262918452
2017-06-30,0.21904327826768044
2017-07-03,-0.21964203611089414
2017-07-04,-0.002443351795778684
2017-07-05,-0.015554929681047082
2017-07-06,0.1454731161484463
2017-07-07,0.22010601291581527
2017-07-10,-0.2952576778426619
2017-07-11,-0.3575013915769798
2017-07-12,0.24529283052667308
2017-07-13,-0.5980534393639466
2017-07-14,0.22369359757734344
2017-07-17,0.046416916659965855
2017-07-18,0.30721309134161046
2017-07-19,-0.29391494229903153
2017-07-20,0.23937514303725202
2017-07-21,0.43809418299694786
2017-07-24,-0.0919070718018381
2017-07-25,-0.48859934781274533
2017-07-26,0.4132535401225399
2017-07-27,-0.1092445461077248
2017-07-28,0.06407248133589873
2017-07-31,0.32252160026914994
2017-08-01,0.35950225417031034
2017-08-02,0.006269754868713277
2017-08-03,0.27915013827882174
2017-08-04,-0.3982996281586627
2017-08-07,-0.019991097475670964
2017-08-08,-0.04624363558017714
2017-08-09,-0.05525648217140774
2017-08-10,0.3736677994188568
2017-08-11,-0.4124191005301714
2017-08-14,0.7208255146743843
2017-08-15,-0.13352485297137534
2017-08-16,0.19585723587067122
2017-08-17,-0.08236189048732633
2017-08-18,0.06058035519749533
2017-08-21,0.18159233314529777
2017-08-22,-0.18895167923129952
2017-08-23,-0.21207937103694846
2017-08-24,-0.19422889960758896
2017-08-25,0.052689894820572056
2017-08-28,-0.2470223145073538
2017-08-29,0.01944486381941034
2017-08-30,0.08565229273958348
2017-08-31,-0.4244224659876443
2017-09-01,-0.01345816926372584
2017-09-04,-0.002399404749829311
2017-09-05,0.1266711476967277
2017-09-06,-0.26295066715057824
2017-09-07,-0.056282397514958796
2017-09-08,0.4497382224604338
2017-09-11,-0.07311311901757042
2017-09-12,-0.06921060132750037
2017-09-13,-0.15215058060921063
2017-09-14,0.1554380488739058
2017-09-15,-0.19627793361195908
2017-09-18,-0.11871919303177408
2017-09-19,-0.09483027284468133
2017-09-20,-0.08612992942982005
2017-09-21,-0.043508384338045984
2017-09-22,0.455702217520783
2017-09-25,-0.4760109207533658
2017-09-26,0.2805023904227049
2017-09-27,-0.23530085168130874
2017-09-28,0.4109917895211778
2017-09-29,-0.18067063659380633
2017-10-02,-0.16873517307260572
2017-10-03,-0.1987133553812677
2017-10-04,0.17117040857054616
2017-10-05,0.07181295036278436
2017-10-06,0.29184266186978586
2017-10-09,0.21768778626755697
2017-10-10,0.11867566268117874
2017-10-11,0.4463379816453683
2017-10-12,-0.2687950191800789
2017-10-13,0.33496683249582193
2017-10-16,-0.13567863715752987
2017-10-17,-0.10243719920177852
2017-10-18,-0.07705487700754748
2017-10-19,0.17026638328242205
2017-10-20,-0.27802050247494914
2017-10-23,0.10712872714991938
2017-10-24,-0.34204936810769265
2017-10-25,-0.0095623633567636
2017-10-26,0.08750629388463421
2017-10-27,0.25664720547528463
2017-10-30,-0.4503357833441397
2017-10-31,0.05197354786971816
2017-11-01,-0.1393799806569076
2017-11-02,0.3409135488465158
2017-11-03,-0.38096139141529484
2017-11-06,-0.8043513433386357
2017-11-07,0.15461175143051828
2017-11-08,1.0218166330600995
2017-11-09,-0.05103873442206073
2017-11-10,-0.13477973127181414
2017-11-13,0.4034761224644111
2017-11-14,0.5703794069625264
2017-11-15,-0.24548787136712555
2017-11-16,0.9880947738087564
2017-11-17,-0.42542556404864373
2017-11-20,0.1752893204705358
2017-11-21,-0.0307768459405812
2017-11-22,0.0018959919356636551
2017-11-23,-0.002681624072260782
2017-11-24,0.3071776259058068
2017-11-27,0.5108319154194708
2017-11-28,-0.05960387663263345
2017-11-29,-0.12124683547322021
2017-11-30,-0.07768929469165149
2017-12-01,-0.008225841843176181
2017-12-04,0.09069373977427216
2017-12-05,-0.16178740087795404
2017-12-06,0.2344304162933877
2017-12-07,-0.11437381778514417
2017-12-08,-0.07746915404818594
2017-12-11,-0.4651362440399219
2017-12-12,0.16848173849096584
2017-12-13,0.33663155394964356
2017-12-14,0.34468171551369015
2017-12-15,0.17795335306360474
2017-12-18,-0.12779596751308167
2017-12-19,-0.30110328682338006
2017-12-20,-0.10933748832239473
2017-12-21,-0.15017408079532732
2017-12-22,0.1209154914601832
2017-12-25,-0.0029447412191519837
2017-12-26,-0.043830016039865846
2017-12-27,0.011871637226158763
2017-12-28,0.14074269889317795
2017-12-29,0.395787441349449
2018-01-01,-0.0032242911868335567
2018-01-02,-0.9378228322558569
2018-01-03,0.10450152781722587
2018-01-04,0.04270617486699233
2018-01-05,0.29961937248724924
2018-01-08,0.10431072701596403
2018-01-09,-0.2892426100520858
2018-01-10,-0.297687200110427
2018-01-11,-0.27102364636348436
2018-01-12,-0.032807392429178746
2018-01-15,-0.003195076548515959
2018-01-16,0.7937032459057353
2018-01-17,-0.06542806319018338
2018-01-18,-0.07552119536329979
2018-01-19,0.2628299967279504
2018-01-22,-0.23653214899676764
2018-01-23,0.14336511587312006
2018-01-24,0.15269041857695476
2018-01-25,0.15921982181765204
2018-01-26,0.05829121365508545
2018-01-29,-0.4200725372917948
2018-01-30,0.18044093363597377
2018-01-31,0.29240475464042137
2018-02-01,-0.2019519650026657
2018-02-02,-0.2524746441304176
2018-02-05,-0.87838405976342
2018-02-06,-0.6020896900580961
2018-02-07,0.22962386689931738
2018-02-08,-0.14031005881294922
2018-02-09,0.17065439429026125
2018-02-12,-0.05845224319464232
2018-02-13,0.2412419729106024
2018-02-14,-0.2859885536804536
2018-02-15,0.33317013640348714
2018-02-16,0.14206689697434352
2018-02-19,-0.003397745355488186
2018-02-20,-0.6965350936854823
2018-02-21,0.046791345957433284
2018-02-22,0.029038039796938083
2018-02-23,0.2637431564784984
2018-02-26,-0.13570447271684136
2018-02-27,-0.19632270145362485
2018-02-28,0.028812546173499695
2018-03-01,0.29949442536457654
2018-03-02,-0.36487184461932637
2018-03-05,0.036686058411161585
2018-03-06,-0.34555146386082664
2018-03-07,0.07804896767559202
2018-03-08,0.3014580931372711
2018-03-09,-0.12273218457492853
2018-03-12,0.25730357732787795
2018-03-13,0.020497326699361062
2018-03-14,0.5900787514069343
2018-03-15,0.5667990308760551
2018-03-16,0.10780544312600682
2018-03-19,0.3317169796870135
2018-03-20,-0.21159870826167357
2018-03-21,-0.6572430683715187
2018-03-22,0.5261356299336977
2018-03-23,0.07234019488440427
2018-03-26,-0.09103275459137368
2018-03-27,0.7881233815317369
2018-03-28,0.41555108802554896
2018-03-29,-0.12142300175763199
2018-03-30,-0.004103866526726202
2018-04-02,0.33080285612680455
2018-04-03,-0.39098908137225763
2018-04-04,-0.24857634757583152
2018-04-05,-0.06102357982871573
2018-04-06,0.4847441313137882
2018-04-09,0.08726432309362551
2018-04-10,-0.7673348344468871
2018-04-11,-0.20804091797640678
2018-04-12,-0.698701683633576
2018-04-13,0.35113891371668926
2018-04-16,0.27204655793500604
2018-04-17,0.1813908159934216
2018-04-18,-0.5450356015947754
2018-04-19,0.36406547419619156
2018-04-20,0.035016237090625214
2018-04-23,0.06801963583655346
2018-04-24,0.3367098051212911
2018-04-25,-0.21922442121945898
2018-04-26,-0.20758472413336093
2018-04-27,0.5237684032993956
2018-04-30,0.4036470432389637
2018-05-01,0.08885691785761252
2018-05-02,-0.31227815943536064
2018-05-03,0.324930235774947
2018-05-04,0.05850987990976996
2018-05-07,-0.07721751767238334
2018-05-08,0.028176296629411717
2018-05-09,-0.7631505529643291
2018-05-10,0.4003332738093532
2018-05-11,-0.13504940433295645
2018-05-14,-0.7647776688024625
2018-05-15,-0.239989823959376
2018-05-16,-0.33476539286458096
2018-05-17,0.1714552928192769
2018-05-18,0.3137912003466944
2018-05-21,0.007738499360748432
2018-05-22,0.003106829054132292
2018-05-23,0.7887546371125862
2018-05-24,0.35700152876519625
2018-05-25,0.5459696853498152
2018-05-28,-0.004738547097836646
2018-05-29,-0.07583043062885814
2018-05-30,-0.3158212142633437
2018-05-31,0.5558650825985386
2018-06-01,0.08592809214081988
2018-06-04,0.1964970291685749
2018-06-05,-0.16997436488284187
2018-06-06,-0.710788152685475
2018-06-07,0.36480129717298837
2018-06-08,-0.07932022167299554
2018-06-11,0.03011078573944159
2018-06-12,-0.23157522619741494
2018-06-13,0.0016886973867049
2018-06-14,0.28391488788698227
2018-06-15,0.4166228559387048
2018-06-18,-0.1882745675252593
2018-06-19,-0.010565951331884765
2018-06-20,0.16102157278487647
2018-06-21,0.6332667300248801
2018-06-22,0.29172701781404675
2018-06-25,0.9851072129872133
2018-06-26,-0.0631267722132969
2018-06-27,-0.27240501250177507
2018-06-28,0.3488936860703412
2018-06-29,0.30603010693089483
2018-07-02,-0.015918563583242402
2018-07-03,0.5009388802751913
2018-07-04,-0.0048986871775698925
2018-07-05,-0.0973720518682598
2018-07-06,-0.27528576431034224
2018-07-09,-0.3113672965797909
2018-07-10,-0.5030394520535586
2018-07-11,0.4043137752877056
2018-07-12,-0.17952394047667805
2018-07-13,-0.07449643434200379
2018-07-16,0.5701083807511
2018-07-17,-0.5028368007755241
2018-07-18,-0.0030870594738333186
2018-07-19,0.305057244207238
2018-07-20,0.3597302101396587
2018-07-23,-0.029503417806359847
2018-07-24,-0.040231521791316144
2018-07-25,0.2903927386770647
2018-07-26,-0.10647596941016765
2018-07-27,-0.19998626902268243
2018-07-30,-0.3637838789807964
2018-07-31,-0.08718683043739459
2018-08-01,0.4646472367089282
2018-08-02,-0.017219174452547066
2018-08-03,0.06780307281619975
2018-08-06,-0.03621085974776692
2018-08-07,-0.6168335088795078
2018-08-08,0.086706900194054
2018-08-09,0.185455543494638
2018-08-10,-0.07291840810580423
2018-08-13,0.12629728144419214
2018-08-14,-0.11753543440195724
2018-08-15,0.5080811733126572
2018-08-16,-0.06962624742522242
2018-08-17,0.09725501829332954
2018-08-20,-0.11641369759726307
2018-08-21,-0.7233099498155785
2018-08-22,-0.1785434736451488
2018-08-23,0.09732591427272709
2018-08-24,0.12170792096351161
2018-08-27,-0.9297234455200821
2018-08-28,-0.08789425649594788
2018-08-29,-0.33127485647573135
2018-08-30,0.26675628793674017
2018-08-31,0.060474828183185905
2018-09-03,-0.00535997430209689
2018-09-04,-0.011926444886666984
2018-09-05,0.24329122409349774
2018-09-06,0.9212225857454286
2018-09-07,-0.2983801815247173
2018-09-10,-0.5987937320053129
2018-09-11,-0.373380908360659
2018-09-12,0.6767328050252178
2018-09-13,0.20540242080014176
2018-09-14,-0.5375305846980339
2018-09-17,0.48221632171690165
2018-09-18,-0.4291773956548102
2018-09-19,-0.6026924687321044
2018-09-20,0.18528000953221443
2018-09-21,0.1227545694673633
2018-09-24,-0.7864373687552878
2018-09-25,-0.003763877316316643
2018-09-26,-0.07697159046547772
2018-09-27,0.03114817206749125
2018-09-28,0.2579627665023564
2018-10-01,-0.06478197526525913
2018-10-02,0.3227840184411422
2018-10-03,-0.4154010697623858
2018-10-04,0.4064763816314782
2018-10-05,0.49930104330269187
2018-10-08,0.3170093435182933
2018-10-09,0.1563136081309769
2018-10-10,0.4929897860409694
2018-10-11,-0.4220482565186736
2018-10-12,-0.4698649516701057
2018-10-15,0.10941717712777264
2018-10-16,-0.01638436615060268
2018-10-17,-0.04005335646595722
2018-10-18,0.49278576918028555
2018-10-19,0.5109802879783338
2018-10-22,-0.3376268837182579
2018-10-23,0.21604206378807272
2018-10-24,1.2321170902826761
2018-10-25,-0.8779771970167718
2018-10-26,-0.19281747795607662
2018-10-29,0.9476419695742666
2018-10-30,-0.19809055198924289
2018-10-31,-0.6713298266570722
2018-11-01,-1.3868999373394715
2018-11-02,-0.5873164282229552
2018-11-05,0.1916323830492647
2018-11-06,0.5632990763930611
2018-11-07,-0.3621307619790225
2018-11-08,0.7311379892485795
2018-11-09,0.8650493036094997
2018-11-12,0.7765670812308939
2018-11-13,-0.015099653564592747
2018-11-14,-0.4435993830130985
2018-11-15,-0.8803576241435972
2018-11-16,0.04434559374176742
2018-11-19,1.029377296333866
2018-11-20,-0.24432836037747352
2018-11-21,-0.3494247782442617
2018-11-22,-0.005981317286257647
2018-11-23,0.19836491819901622
2018-11-26,-0.8846490430676417
2018-11-27,0.4133595677152011
2018-11-28,-0.09031096572073173
2018-11-29,0.36194430842942055
2018-11-30,-0.03296119221391494
2018-12-03,-0.43183817760087273
2018-12-04,0.9912612221459937
2018-12-05,-0.006139698940358502
2018-12-06,0.09325973099433969
2018-12-07,0.9797674308956065
2018-12-10,-0.42938340444993295
2018-12-11,-0.21029996687157115
2018-12-12,-0.3784958038979983
2018-12-13,0.5454887687201371
2018-12-14,0.26143601519384985
2018-12-17,-0.6490113995979903
2018-12-18,0.038522065336271956
2018-12-19,-0.31786720041435346
2018-12-20,0.09641326405587683
2018-12-21,0.014009311597286371
2018-12-24,-0.9933113386261223
2018-12-25,-0.00610903707288411
2018-12-26,-0.8366650894652029
2018-12-27,-0.18190915197174456
2018-12-28,1.2929194214554527
2018-12-31,0.14870945728112117
2019-01-01,-0.006178127023645426
2019-01-02,-0.33306704578499396
2019-01-03,1.2194223098049728
2019-01-04,-1.1248616093868764
2019-01-07,-1.0839931194531303
2019-01-08,0.3062751327893258
2019-01-09,-0.8976842382032786
2019-01-10,-0.7412061242446059
2019-01-11,0.2686151902741484
2019-01-14,0.29904843795892416
2019-01-15,0.3682357595220165
2019-01-16,0.5074782311522053
2019-01-17,-0.504325815867735
2019-01-18,-0.710123637670231
2019-01-21,-0.006092687367141174
2019-01-22,1.2085288053002343
2019-01-23,1.308755327038913
2019-01-24,-0.6865331515763655
2019-01-25,-0.7552337878709727
2019-01-28,1.1748604616005793
2019-01-29,0.18239530616121089
2019-01-30,-0.48501978777664123
2019-01-31,0.0519330431122759
2019-02-01,-0.23919848101704114
2019-02-04,0.018239964274476942
2019-02-05,-0.05680491004792039
2019-02-06,0.12524698542901602
2019-02-07,1.2990490770116725
2019-02-08,0.04181821864146402
2019-02-11,-0.348869922773082
2019-02-12,-0.8332773806942088
2019-02-13,-0.11333306679322684
2019-02-14,-0.5105606999682683
2019-02-15,-0.015157543301891091
2019-02-18,-0.006069624938832897
2019-02-19,0.8673000316673053
2019-02-20,-1.1065589312582387
2019-02-21,0.7794344516754861
2019-02-22,-0.03172598579686573
2019-02-25,-0.684573456275383
2019-02-26,0.38618590811777237
2019-02-27,-0.32601466304648696
2019-02-28,0.7527844437507295
2019-03-01,-0.4968537857588518
2019-03-04,0.09271513547267977
2019-03-05,0.4027519140178632
2019-03-06,0.4590100436357266
2019-03-07,0.2551248551942976
2019-03-08,0.36513262334949304
2019-03-11,-0.22407141585244544
2019-03-12,-0.5386538091791112
2019-03-13,-0.09125528066982812
2019-03-14,0.06729871564728504
2019-03-15,0.4829473552784441
2019-03-18,-0.9248237017089279
2019-03-19,-0.38524127532648106
2019-03-20,-0.0843959022431592
2019-03-21,-0.5274512568225584
2019-03-22,1.355333494981759
2019-03-25,0.6484615009376412
2019-03-26,0.44530061495133383
2019-03-27,0.2819269164234977
2019-03-28,-0.5282088569084538
2019-03-29,-0.5055331296791272
2019-04-01,-0.7985348086392834
2019-04-02,-0.0933417493882297
2019-04-03,-0.6121419829833954
2019-04-04,0.24000594365479805
2019-04-05,-0.3444527272631137
2019-04-08,-0.21033584741497624
2019-04-09,0.5781293655124514
2019-04-10,-0.665852725838002
2019-04-11,0.24925234450849146
2019-04-12,-0.0250506049024085
2019-04-15,0.2652388129426799
2019-04-16,-0.6741019279515582
2019-04-17,0.18685809630418626
2019-04-18,0.6153432991851471
2019-04-19,-0.0060796286351858285
2019-04-22,-0.9837607899751485
2019-04-23,-0.02557169015480514
2019-04-24,0.41912468088406846
2019-04-25,0.9652489417323085
2019-04-26,0.23672547837220664
2019-04-29,-0.08748585604454603
2019-04-30,0.6339926189326529
2019-05-01,0.3770338793870634
2019-05-02,0.04550662222732058
2019-05-03,-0.2100264712944857
2019-05-06,-0.46094792782138666
2019-05-07,0.7065538995934512
2019-05-08,0.07513572366674028
2019-05-09,0.28472628949939144
2019-05-10,0.28420430032618643
2019-05-13,1.3623213878737432
2019-05-14,-0.5405118657404155
2019-05-15,-0.35510654177253315
2019-05-16,0.15134445789131115
2019-05-17,0.6937936792540189
2019-05-20,0.5291938309832918
2019-05-21,-0.5708615635977765
2019-05-22,0.4475677196916291
2019-05-23,0.7191138637391623
2019-05-24,-0.05229875389168889
2019-05-27,-0.00628729862657361
2019-05-28,-0.12011720204549939
2019-05-29,-0.19214331085329933
2019-05-30,0.32977322094033407
2019-05-31,0.6596862099929345
2019-06-03,0.14587731193813974
2019-06-04,-1.3976747896851585
2019-06-05,0.7933178216068976
2019-06-06,0.2718119665536088
2019-06-07,-0.42993648884453417
2019-06-10,-0.2907122113511275
2019-06-11,0.2578722929176691
2019-06-12,1.03196461259039
2019-06-13,-0.3935138842836261
2019-06-14,1.0536318965099318
2019-06-17,-0.4877843303588616
2019-06-18,-1.1096930739408182
2019-06-19,0.6088544057975603
2019-06-20,-0.07033287339094876
2019-06-21,-0.04386799543691981
2019-06-24,0.5992914292788585
2019-06-25,-0.1146619514075748
2019-06-26,-1.2818100455422052
2019-06-27,0.09400804580496207
2019-06-28,0.47541055057951903
2019-07-01,-0.608000931284012
2019-07-02,1.005597383185005
2019-07-03,0.2700026974029166
2019-07-04,-0.0054561327174838916
2019-07-05,0.03655560048988672
2019-07-08,0.20560560701744965
2019-07-09,-0.06580419410510385
2019-07-10,0.11131284645879636
2019-07-11,0.10048978983492488
2019-07-12,-0.5273043954025334
2019-07-15,0.42176278097377323
2019-07-16,0.22600625272277097
2019-07-17,0.5948262144522535
2019-07-18,0.23646343003368128
2019-07-19,-0.42311403344934007
2019-07-22,-0.12428934111709208
2019-07-23,-0.11172633205689736
2019-07-24,-0.27557348972817797
2019-07-25,0.48692775923732357
2019-07-26,0.4205745373567646
2019-07-29,0.3964903419886284
2019-07-30,0.1279851703977205
2019-07-31,-0.3737607641691096
2019-08-01,0.7760634234763014
2019-08-02,0.7809379636221202
2019-08-05,0.009056876620949837
2019-08-06,0.07391167292095296
2019-08-07,0.521416351182394
2019-08-08,-0.23182387488214196
2019-08-09,0.5323283946321657
2019-08-12,0.38444325062190526
2019-08-13,-0.46644295027918464
2019-08-14,0.012611295160830517
2019-08-15,0.4820716714520226
2019-08-16,-0.3981790157608564
2019-08-19,-0.25824271492665485
2019-08-20,0.09301105395737416
2019-08-21,-0.28635181492134154
2019-08-22,0.3389324359663432
2019-08-23,0.5650761852316534
2019-08-26,0.2907130276624024
2019-08-27,0.1749179498490938
2019-08-28,-0.3899444045202993
2019-08-29,-0.8485420691653364
2019-08-30,0.2041308717647147
2019-09-02,-0.005139610195648462
2019-09-03,1.1874053334614592
2019-09-04,-0.6531032138772319
2019-09-05,-1.5677192133041178
2019-09-06,-0.5365402864172176
2019-09-09,-1.3716210803845519
2019-09-10,-1.568606938366826
2019-09-11,-0.44315030918521353
2019-09-12,0.5240315502553353
2019-09-13,0.12218351607810234
2019-09-16,-0.872860116046917
2019-09-17,1.0623580672785435
2019-09-18,0.28544728165250577
2019-09-19,0.6829448126345866
2019-09-20,0.9303298003506254
2019-09-23,0.05079965074354399
2019-09-24,1.0480334618158214
2019-09-25,-0.5485673073110641
2019-09-26,0.791000331555838
2019-09-27,-0.2971071642765695
2019-09-30,0.081393370496951
2019-10-01,0.7991409910292787
2019-10-02,-0.29754028262050664
2019-10-03,-0.1600091989808488
2019-10-04,0.25983937760864867
2019-10-07,-0.36094101353368196
2019-10-08,0.9918369146421637
2019-10-09,-0.16202743483499782
2019-10-10,-0.31245783345046374
2019-10-11,-1.143530978480853
2019-10-14,-0.7013801368114059
2019-10-15,-0.5032956880977489
2019-10-16,0.21821932440095423
2019-10-17,-0.10453433303981868
2019-10-18,0.7879861998469465
2019-10-21,0.019310944751308304
2019-10-22,-0.477736400646442
2019-10-23,-0.21224792809648546
2019-10-24,0.20572289120228943
2019-10-25,-1.1203110273988366
2019-10-28,-0.6037634212899494
2019-10-29,0.3843527689731149
2019-10-30,1.0536660293785818
2019-10-31,0.8257183665414323
2019-11-01,-1.3708448546445346
2019-11-04,-1.410647785456182
2019-11-05,-0.7886658679385037
2019-11-06,0.9636952883337269
2019-11-07,-0.9425468959271641
2019-11-08,-0.3301044087283369
2019-11-11,0.6255598123302063
2019-11-12,-0.1019649150558954
2019-11-13,0.9309119624383926
2019-11-14,0.17533472828086538
2019-11-15,-0.6661597391845517
2019-11-18,0.7998703722270977
2019-11-19,0.2912498744603782
2019-11-20,-0.3764095287398425
2019-11-21,-0.17827168194085252
2019-11-22,-0.7616630618450659
2019-11-25,-0.44805659832336164
2019-11-26,0.4847507527670561
2019-11-27,0.028594439421553684
2019-11-28,-0.003939798915585287
2019-11-29,0.43915534622565416
2019-12-02,0.03795350647307638
2019-12-03,0.41669437850969104
2019-12-04,-0.4157667682103549
2019-12-05,0.4353712049509821
2019-12-06,-0.9771585035299248
2019-12-09,0.23978038142462355
2019-12-10,0.5403440965547744
2019-12-11,0.008159249567654334
2019-12-12,-1.1986652278431154
2019-12-13,0.733821195239819
2019-12-16,-0.24009574736005407
2019-12-17,-0.23968668581505195
2019-12-18,-0.03520439259079553
2019-12-19,-0.21065087213697847
2019-12-20,0.27455562408952144
2019-12-23,-0.9817358568724963
2019-12-24,0.29594225537013685
2019-12-25,-0.004080514882810326
2019-12-26,0.09688304787133152
2019-12-27,0.645274482899779
2019-12-30,0.4005249901423146
2019-12-31,-0.03598259111234004
2020-01-01,-0.004047588993791357
2020-01-02,-0.5445521146366524
2020-01-03,0.2191585975083994
2020-01-06,0.4978668780177055
2020-01-07,-0.682283632255616
2020-01-08,0.12070577692110428
2020-01-09,-0.28072860609415096
2020-01-10,1.1702326722255183
2020-01-13,0.34565094245386385
2020-01-14,-0.5662529311568376
2020-01-15,0.6344842982720509
2020-01-16,-0.16831392387865488
2020-01-17,0.21192627917645665
2020-01-20,-0.004066536731308395
2020-01-21,1.0565869841908238
2020-01-22,0.15305169748348815
2020-01-23,0.5269282857316079
2020-01-24,0.6684469969354647
2020-01-27,1.5391745340625822
2020-01-28,-0.9147403363344192
2020-01-29,0.002220970606837589
2020-01-30,0.7659196798756467
2020-01-31,0.5808098335501523
2020-02-03,-0.4528512334266184
2020-02-04,-0.5926106193101836
2020-02-05,-0.371350880863386
2020-02-06,0.5544594559314044
2020-02-07,0.4646167397433173
2020-02-10,0.3774503621473242
2020-02-11,-0.4199631910407382
2020-02-12,-0.7015784446295158
2020-02-13,0.5650245237371901
2020-02-14,0.6065643106907243
2020-02-17,-0.004046787418883579
2020-02-18,0.36333685892254386
2020-02-19,-0.7686451600525473
2020-02-20,-0.03395400121345602
2020-02-21,0.769593108119799
2020-02-24,0.6983072162691351
2020-02-25,-0.14942132872023192
2020-02-26,0.1951479070539648
2020-02-27,-1.5442512232375
2020-02-28,-2.7565991158805625
2020-03-02,2.2660160735669748
2020-03-03,0.3590634778611441
2020-03-04,1.017180873628255
2020-03-05,-0.11939719191248979
2020-03-06,0.2832161920443426
2020-03-09,-1.9536777221412716
2020-03-10,-0.28663129158801853
2020-03-11,-1.6622595100079165
2020-03-12,-5.423174640118238
2020-03-13,0.6976254742626238
2020-03-16,-5.547207098529039
2020-03-17,3.2609577974724377
2020-03-18,-6.228721863795683
2020-03-19,1.692810787999147
2020-03-20,-2.7352695147957293
2020-03-23,-2.887747115979743
2020-03-24,2.4847302272972756
2020-03-25,1.7395413679642517
2020-03-26,3.484834632899044
2020-03-27,-0.26702802408461834
2020-03-30,0.7958952537911848
2020-03-31,-0.2139714527430038
2020-04-01,2.6511688108715816
2020-04-02,0.2696412188158168
2020-04-03,0.6402387610559188
2020-04-06,-1.7589795569532405
2020-04-07,-0.7715041641164755
2020-04-08,-1.9172674640913905
2020-04-09,-0.4246424300923677
2020-04-10,-0.00024800451470637
2020-04-13,2.830593361993805
2020-04-14,0.8652226021077896
2020-04-15,1.999972822313546
2020-04-16,2.042169558929826
2020-04-17,-2.263695428944564
2020-04-20,1.4670431940345396
2020-04-21,-0.19267071418077097
2020-04-22,0.8417834967620106
2020-04-23,-1.3165589748070823
2020-04-24,0.015783593940073216
2020-04-27,-0.8184361803040558
2020-04-28,-2.3410048786959505
2020-04-29,-3.489841239708743
2020-04-30,0.29599915604770183
2020-05-01,1.7602278651774155
2020-05-04,0.8403305840382017
2020-05-05,1.1330386309787757
2020-05-06,0.7315977587775596
2020-05-07,-0.12733852175072424
2020-05-08,-1.0159106462666272
2020-05-11,1.3848058099136356
2020-05-12,0.8835347303856236
2020-05-13,1.2423790786583782
2020-05-14,-0.8157314192132146
2020-05-15,0.715862781514597
2020-05-18,-2.4156971620471936
2020-05-19,0.3647494487835368
2020-05-20,0.10195477786063123
2020-05-21,-0.8740283090299122
2020-05-22,1.1332314039478424
2020-05-25,-0.000216540285966065
2020-05-26,-2.4515775675045712
2020-05-27,-1.0843864868342685
2020-05-28,1.7200316957878719
2020-05-29,2.1504571011114377
2020-06-01,-0.30494929764559636
2020-06-02,-0.8461985911202183
2020-06-03,-2.777027070535352
2020-06-04,-1.4968580739777286
2020-06-05,-4.232443322827936
2020-06-08,-4.146486080908068
2020-06-09,5.286730463728149
2020-06-10,5.328375995062144
2020-06-11,2.6669830718362064
2020-06-12,-1.854972997736391
2020-06-15,1.5738787951032607
2020-06-16,-0.0729822332846531
2020-06-17,3.3227922996403656
2020-06-18,0.5066521886754143
2020-06-19,1.9012633951688604
2020-06-22,-0.25564327786614277
2020-06-23,-0.19712262237629127
2020-06-24,2.3123754690257843
2020-06-25,0.039522061092803214
2020-06-26,-0.40098399273448443
2020-06-29,-1.0644826990390437
2020-06-30,0.9002738989557018
2020-07-01,1.3075592157547105
2020-07-02,0.22771753900727013
2020-07-03,-0.00038323961112839296
2020-07-06,0.260102841795251
2020-07-07,1.3645210096196057
2020-07-08,0.26588237291771966
2020-07-09,1.3874775393580858
2020-07-10,-1.1324475083080348
2020-07-13,-1.1185461656058098
2020-07-14,0.6760346914704153
2020-07-15,-1.3256810800967722
2020-07-16,0.6954265164015604
2020-07-17,1.9170593954041006
2020-07-20,2.3105688968975016
2020-07-21,-0.8543654854787339
2020-07-22,0.09490204747067892
2020-07-23,-1.005161482318081
2020-07-24,0.0372305187320965
2020-07-27,1.3130236999132565
2020-07-28,-0.030726291810659487
2020-07-29,-1.4272456838484293
2020-07-30,1.0027121478739722
2020-07-31,0.20001763649417434
2020-08-03,1.314056942175316
2020-08-04,0.586984761969156
2020-08-05,-1.005338206104346
2020-08-06,-0.34258475242492664
2020-08-07,-0.9450676966169249
2020-08-10,-1.2924249902185942
2020-08-11,-2.26722700520971
2020-08-12,0.51894231174948
2020-08-13,1.1158279125114456
2020-08-14,-1.1003631385409047
2020-08-17,1.438249615106321
2020-08-18,0.9227541886019162
2020-08-19,-0.39548497598577476
2020-08-20,0.05524267676753522
2020-08-21,-0.5679906492144018
2020-08-24,-2.928317290757654
2020-08-25,0.9736596086654422
2020-08-26,0.8460058934950653
2020-08-27,-1.3852004387241712
2020-08-28,-0.5082123834297825
2020-08-31,1.5173081602152203
2020-09-01,-1.0847762063993114
2020-09-02,-0.12891083117297697
2020-09-03,-1.2073885064141896
2020-09-04,-1.4016643090941932
2020-09-07,-0.000256751821011871
2020-09-08,0.8109148735222681
2020-09-09,1.4441488490178016
2020-09-10,-0.13129478883601736
2020-09-11,-0.15018540082555898
2020-09-14,0.6097959521151968
2020-09-15,0.2639167013642084
2020-09-16,-0.644489933479796
2020-09-17,0.2165033697128632
2020-09-18,1.1638958053222317
2020-09-21,0.2148539758399446
2020-09-22,0.02717140817570222
2020-09-23,-1.0700190230155207
2020-09-24,-0.14533587404688056
2020-09-25,1.4660255373248052
2020-09-28,-0.11670880443150322
2020-09-29,1.4777533482492706
2020-09-30,-0.31345266247655423
2020-10-01,-0.38186959284084654
2020-10-02,-1.3766197835518166
2020-10-05,0.5524605802758733
2020-10-06,0.6900622498083842
2020-10-07,0.5738196076092523
2020-10-08,-1.1759385256237753
2020-10-09,1.4868542696305436
2020-10-12,0.20475612114017075
2020-10-13,1.0250500587937095
2020-10-14,-0.46452844623881584
2020-10-15,-0.5921089920474293
2020-10-16,0.4131796318268579
2020-10-19,-0.025838639104084758
2020-10-20,-0.8648101822184666
2020-10-21,0.8663167543646381
2020-10-22,-1.5669673176225456
2020-10-23,0.2454199972994117
2020-10-26,0.4264684638975568
2020-10-27,1.2761280485220616
2020-10-28,-1.290805671380071
2020-10-29,-0.6271364161331058
2020-10-30,-1.292352376304277
2020-11-02,-1.191307930487405
2020-11-03,0.05105951680689304
2020-11-04,1.2281954290319679
2020-11-05,-0.007269229473079739
2020-11-06,0.6625905845773346
2020-11-09,-6.704448899167953
2020-11-10,-0.14822983064632167
2020-11-11,2.2342470833640333
2020-11-12,1.278714068462049
2020-11-13,-0.9078126866485758
2020-11-16,-2.4561644573817305
2020-11-17,-1.0283887067296147
2020-11-18,-0.5273038854929036
2020-11-19,-0.08823363804129677
2020-11-20,0.7386734873709597
2020-11-23,-2.2711134218718265
2020-11-24,-2.419920922369611
2020-11-25,1.7363483575680845
2020-11-26,-0.000198374812413539
2020-11-27,1.7701961479115715
2020-11-30,3.2466729496721634
2020-12-01,-0.09582022723010188
2020-12-02,-0.8393677752343294
2020-12-03,-0.16305665846938225
2020-12-04,-0.9894382162229317
2020-12-07,1.3593332764219186
2020-12-08,0.8240157013199353
2020-12-09,-1.426358514782267
2020-12-10,0.7975110172334515
2020-12-11,0.8354033974345613
2020-12-14,0.7480902928490002
2020-12-15,-0.060236866818411845
2020-12-16,0.31389219327012335
2020-12-17,1.283185810677053
2020-12-18,0.6397554729906557
2020-12-21,0.9173509045817485
2020-12-22,0.6867103382604346
2020-12-23,-0.2913914518292697
2020-12-24,0.24866051074251966
2020-12-25,-0.00019756051732340997
2020-12-28,-0.17527911516573733
2020-12-29,-0.00866688767849955
2020-12-30,1.0100413375699762
2020-12-31,-0.28300715125988013
2021-01-01,-0.000216263137785247
2021-01-04,1.715730445996449
2021-01-05,0.3422532516292245
2021-01-06,-1.6419735288560593
2021-01-07,2.031805533506595
2021-01-08,1.1801292248786088
2021-01-11,-0.006672850172931445
2021-01-12,-0.2420407044866449
2021-01-13,0.791576105574105
2021-01-14,-0.000794169409348741
2021-01-15,0.25541364389259086
2021-01-18,-0.00022240286504388002
2021-01-19,1.6617322630620435
2021-01-20,1.728773419216173
2021-01-21,0.5575430267471012
2021-01-22,0.8621813003981503
2021-01-25,1.6138192330925918
2021-01-26,0.8347691741264044
2021-01-27,-1.7227212323216212
2021-01-28,0.03556764609963065
2021-01-29,0.7148596695093222
2021-02-01,1.399286207608366
2021-02-02,0.1482060417484085
2021-02-03,1.1880335384550824
2021-02-04,0.25993098372268125
2021-02-05,0.9052518625724112
2021-02-08,3.0737134458792377
2021-02-09,2.6190941651029664
2021-02-10,-0.03307567031052516
2021-02-11,-1.2436748043657675
2021-02-12,0.3183366152297123
2021-02-15,-0.00015248522167980198
2021-02-16,1.002923365693599
2021-02-17,0.46391670895068365
2021-02-18,-1.4928106562293622
2021-02-19,-0.6947771510014351
2021-02-22,-2.542830660569223
2021-02-23,-4.543177778588114
2021-02-24,0.08792710042346301
2021-02-25,-1.2988822896781027
2021-02-26,-1.7515816387275847
2021-03-01,0.7187746383479471
2021-03-02,-0.12863472832434114
2021-03-03,-2.3718000613524866
2021-03-04,-3.1636458797674663
2021-03-05,-0.5450158627998416
2021-03-08,-1.040389587878211
2021-03-09,3.355591137677298
2021-03-10,-0.1682869146617099
2021-03-11,1.7291899765056684
2021-03-12,-0.1425846255840206
2021-03-15,1.238912444194276
2021-03-16,0.41945784501904415
2021-03-17,0.069028944466426
2021-03-18,-0.24794822856237914
2021-03-19,1.208794455159549
2021-03-22,1.5279341000197306
2021-03-23,-0.6537928459492375
2021-03-24,-2.3353715680139864
2021-03-25,-0.6793788549907663
2021-03-26,-0.8359970113051467
2021-03-29,-0.14728895770508174
2021-03-30,-1.2693013137416878
2021-03-31,1.0638956611362669
2021-04-01,0.6029960179167824
2021-04-02,-6.364414815845e-05
2021-04-05,0.5627185071996628
2021-04-06,-0.09502837702049749
2021-04-07,-0.10114630119735185
2021-04-08,0.26313762062925644
2021-04-09,-0.23263816607168147
2021-04-12,-0.5253477282081618
2021-04-13,0.5468552354452207
2021-04-14,-0.5737468161312442
2021-04-15,0.44730134369413965
2021-04-16,-0.03702710491349176
2021-04-19,-0.19099335099938425
2021-04-20,0.9007557562917308
2021-04-21,-0.031360380545928115
2021-04-22,0.31611179798081707
2021-04-23,-0.4926438490071885
2021-04-26,-0.3326006475209804
2021-04-27,-0.49679242464663487
2021-04-28,-0.2908320123813204
2021-04-29,-0.21405192673207887
2021-04-30,0.36629121109403395
2021-05-03,0.4021263197323869
2021-05-04,-0.6658810087180962
2021-05-05,-0.42679159557383717
2021-05-06,0.2793709419344165
2021-05-07,-0.38541356305161706
2021-05-10,0.6033922571614432
2021-05-11,-0.36970047371583586
2021-05-12,-0.023560254968740414
2021-05-13,-0.2203359204069322
2021-05-14,-0.10838175356805074
2021-05-17,-0.11704877904586133
2021-05-18,0.377031018066124
2021-05-19,0.4299468653904474
2021-05-20,0.8185585843561712
2021-05-21,0.10959268430158563
2021-05-24,-0.3105787649466905
2021-05-25,-0.020655083863631074
2021-05-26,-0.524083083336529
2021-05-27,-0.6878388880707379
2021-05-28,0.1624464760008747
2021-05-31,-2.0150730489707998e-05
2021-06-01,-0.812540191327157
2021-06-02,0.07567584556773341
2021-06-03,0.21311370188387993
2021-06-04,0.35281166898180605
2021-06-07,0.008422069641644984
2021-06-08,-0.544527150021624
2021-06-09,0.8800601966536141
2021-06-10,1.1444486845066026
2021-06-11,-0.440374326426361
2021-06-14,0.2501294564683294
2021-06-15,-0.3776119285446894
2021-06-16,-0.500793095149217
2021-06-17,0.6097425369226835
2021-06-18,-0.22624723315749085
2021-06-21,-0.4848865983618515
2021-06-22,-0.12432912280021982
2021-06-23,-0.3324334897460969
2021-06-24,-0.014900615062170549
2021-06-25,0.6910540084879218
2021-06-28,0.3374072214455665
2021-06-29,0.18983307484167186
2021-06-30,-0.3571694009454937
2021-07-01,0.14791952551172466
2021-07-02,0.5045913248475609
2021-07-05,-9.733054797014602e-05
2021-07-06,0.5240477216000298
2021-07-07,0.510722461533107
2021-07-08,-0.07533617859111363
2021-07-09,0.2626913807192344
2021-07-12,0.7142152818578319
2021-07-13,-0.2092214947929729
2021-07-14,0.6888263152349214
2021-07-15,0.33128157799431474
2021-07-16,0.5766481786942979
2021-07-19,0.07639905534806243
2021-07-20,-0.5806687544533138
2021-07-21,-0.44452792823586573
2021-07-22,0.5050014559199446
2021-07-23,0.43427723290520226
2021-07-26,-0.6319009284407711
2021-07-27,0.5480535874768236
2021-07-28,-0.2232475663827531
2021-07-29,-0.029656648708392578
2021-07-30,0.12047232248541336
2021-08-02,0.07314290840911684
2021-08-03,0.1843941427574048
2021-08-04,0.25043119757066645
2021-08-05,-0.4802600714788598
2021-08-06,-0.3862374772768638
2021-08-09,0.26933068257754134
2021-08-10,-0.6828289329464314
2021-08-11,0.03999920410950534
2021-08-12,0.1642896137824625
2021-08-13,0.5387358915025869
2021-08-16,0.4121137538338429
2021-08-17,0.5229365769887447
2021-08-18,-0.3246920601331441
2021-08-19,0.4774761703985323
2021-08-20,0.02447686623784779
2021-08-23,-0.4885487889873402
2021-08-24,-0.8543608886445955
2021-08-25,-0.20154399801871817
2021-08-26,0.3923956104735751
2021-08-27,-0.4358760909172402
2021-08-30,0.6345465529308695
2021-08-31,0.3040916498394028
2021-09-01,0.43389008267591556
2021-09-02,0.11634725383005479
2021-09-03,0.28095011606620496
2021-09-06,-7.9662275420531e-05
2021-09-07,-0.5653707402301844
2021-09-08,1.0066380027504298
2021-09-09,-0.7121021330028552
2021-09-10,-0.2214085578572264
2021-09-13,-0.7287361460063485
2021-09-14,0.21066156944583095
2021-09-15,-0.5233719230087973
2021-09-16,-0.15611224535370388
2021-09-17,0.023475475388020254
2021-09-20,0.1149922145044117
2021-09-21,0.35534773521138563
2021-09-22,-0.8140213396966359
2021-09-23,-0.8635283157375483
2021-09-24,0.13301754561975254
2021-09-27,-1.089295763943007
2021-09-28,-0.06489007505546032
2021-09-29,0.49271388554006507
2021-09-30,-0.09991392170399947
2021-10-01,-0.4484719035898011
2021-10-04,0.16104136677563596
2021-10-05,0.19429336225528504
2021-10-06,0.5310554123885053
2021-10-07,-0.17686804257523683
2021-10-08,-0.18169587084589411
2021-10-11,-0.32158812181356056
2021-10-12,0.041161078207187535
2021-10-13,0.3606081384091887
2021-10-14,0.2699911319034267
2021-10-15,-0.11362160600460501
2021-10-18,-0.33949564970759677
2021-10-19,0.17499908015852986
2021-10-20,0.2273892520935763
2021-10-21,0.23121986880940706
2021-10-22,0.5708516492128983
2021-10-25,-0.36264067647449516
2021-10-26,0.5507009947647554
2021-10-27,-0.026909072831983467
2021-10-28,-0.086281604093047
2021-10-29,-0.0016794576581254338
2021-11-01,-0.738360585596464
2021-11-02,0.4228044118108073
2021-11-03,-0.19220931179746759
2021-11-04,0.15052280355092673
2021-11-05,-0.3676750716902691
2021-11-08,-0.20581708086195283
2021-11-09,0.35621567661313636
2021-11-10,0.8168220357235794
2021-11-11,-0.3330570261419941
2021-11-12,0.22052917071670622
2021-11-15,0.2815335813267608
2021-11-16,0.14906248562564373
2021-11-17,0.355780020555322
2021-11-18,-0.04677054117297668
2021-11-19,0.14859249730389865
2021-11-22,-0.13999189553548805
2021-11-23,-0.2744547224159767
2021-11-24,0.21043220815485583
2021-11-25,-9.777409259825001e-05
2021-11-26,0.29128103030408925
2021-11-29,-0.20071548585250343
2021-11-30,-0.2968403044058585
2021-12-01,0.4131792490767723
2021-12-02,-0.1270105846462901
2021-12-03,0.5666298053996113
2021-12-06,0.36184852365474746
2021-12-07,-0.5618886580798172
2021-12-08,0.018760286695724326
2021-12-09,0.19717119565945984
2021-12-10,0.595651272314646
2021-12-13,0.6722921779706227
2021-12-14,0.05304360424259483
2021-12-15,0.0950239524079025
2021-12-16,1.0290065898261713
2021-12-17,-0.7048156541543411
2021-12-20,0.1463605956805408
2021-12-21,-0.5033592603030623
2021-12-22,0.04992100489514112
2021-12-23,0.04641582541377498
2021-12-24,-9.8995352529324e-05
2021-12-27,0.21494951890430458
2021-12-28,0.5951252024946941
2021-12-29,0.2225510113795629
2021-12-30,-0.0692328701823157
2021-12-31,0.18647116441168926
2022-01-03,-0.8070416970684045
2022-01-04,-0.1920462309624438
2022-01-05,0.8512155375243367
2022-01-06,-0.3389581912736818
2022-01-07,0.36606647212588006
2022-01-10,0.32415167517056115
2022-01-11,-0.5819131465692714
2022-01-12,0.06402487525594658
2022-01-13,0.13808696018994848
2022-01-14,-0.3849339204537059
2022-01-17,-0.00011748737056804899
2022-01-18,0.2641266752343672
2022-01-19,0.3699680351980096
2022-01-20,-0.11174051572600895
2022-01-21,0.3355519700454738
2022-01-24,-1.0050640167234681
2022-01-25,-0.13244722726610914
2022-01-26,-0.09510999708331327
2022-01-27,0.6216902420202316
2022-01-28,0.24117163827374458
2022-01-31,-0.3197691776742104
2022-02-01,-0.4827566795925877
2022-02-02,0.8644875634654773
2022-02-03,0.4803533765136081
2022-02-04,-0.7998075264678267
2022-02-07,-0.2515981154888216
2022-02-08,-0.09115295928277897
2022-02-09,-0.9177105739290863
2022-02-10,-0.21144501900377957
2022-02-11,0.9811889505866357
2022-02-14,-0.2594817859497285
2022-02-15,-1.3882825283722806
2022-02-16,0.3891982855668755
2022-02-17,0.9289284065640271
2022-02-18,0.3850063922172314
2022-02-21,-0.00047392867813029994
2022-02-22,0.3120687140523698
2022-02-23,-0.19619701464018124
2022-02-24,-1.6397381287766122
2022-02-25,0.7732940811310628
2022-02-28,-0.817360386641759
2022-03-01,0.4303104340958439
2022-03-02,-0.00022666978112390398
2022-03-03,1.314683962281637
2022-03-04,1.1160263330746725
2022-03-07,0.3638320486743607
2022-03-08,-1.4382133895469613
2022-03-09,-0.48254301943619876
2022-03-10,0.2640186050819475
2022-03-11,0.658677074984192
2022-03-14,0.7568327895817837
2022-03-15,-0.2894253906019779
2022-03-16,-1.1594831701471437
2022-03-17,-0.08777892508732506
2022-03-18,-0.4014411131550792
2022-03-21,0.5305351657285663
2022-03-22,-0.3632567801017659
2022-03-23,0.11178763602974819
2022-03-24,-0.1975116485239604
2022-03-25,0.6594374502121353
2022-03-28,-0.007025938736351143
2022-03-29,-0.6798654045658763
2022-03-30,0.9240525544547163
2022-03-31,-0.08706476730800232
2022-04-01,0.412702162999825
2022-04-04,-0.9528643117353365
2022-04-05,1.1417864502683304
2022-04-06,1.033122411261392
2022-04-07,0.23783436610858993
2022-04-08,0.5622049996906038
2022-04-11,-0.14166851350378118
2022-04-12,-0.16039108861913262
2022-04-13,-0.48082135992983854
2022-04-14,0.32358965581304694
2022-04-15,-0.0010908633996210418
2022-04-18,-0.3169074164407221
2022-04-19,-0.3588828420261418
2022-04-20,1.07611594925183
2022-04-21,0.7175400948004794
2022-04-22,-0.20750526722050178
2022-04-25,-0.8466296905767121
2022-04-26,-0.03911122548712018
2022-04-27,0.12681232919842525
2022-04-28,-0.31750375338782805
2022-04-29,-0.28173204027339954
2022-05-02,-2.011304067299541
2022-05-03,0.01672213802559395
2022-05-04,-0.16239193974706098
2022-05-05,0.9888289115429683
2022-05-06,0.7088113830760819
2022-05-09,1.2141083960850174
2022-05-10,-0.8089579032051246
2022-05-11,1.1347357298626217
2022-05-12,-0.9624826037720573
2022-05-13,-1.1084061671376952
2022-05-16,0.7482015148207493
2022-05-17,-0.7593514403924844
2022-05-18,0.43160000386054187
2022-05-19,-0.5013638307667474
2022-05-20,0.23604604741236795
2022-05-23,0.7959482228793157
2022-05-24,1.8156261614345863
2022-05-25,-0.7856399780107305
2022-05-26,-0.6245713692127726
2022-05-27,-0.47433851377174774
2022-05-30,-0.0017604709518510792
2022-05-31,0.22945980164053198
2022-06-01,0.6059118819422784
2022-06-02,-0.6292892085644158
2022-06-03,-0.11410339712279922
2022-06-06,0.035028938256469064
2022-06-07,-1.2973184804386098
2022-06-08,-0.43016769299325763
2022-06-09,0.264016403827241
2022-06-10,1.6553907743177867
2022-06-13,0.17906146550298524
2022-06-14,-0.5800551835356703
2022-06-15,-0.22192059739818104
2022-06-16,1.060543964003213
2022-06-17,-0.3390158228733898
2022-06-20,-0.002479188923286253
2022-06-21,0.04623514907879875
2022-06-22,0.12816908069601235
2022-06-23,-0.7447881126068869
2022-06-24,0.35147417313639817
2022-06-27,0.13031940633399092
2022-06-28,0.4949519066021509
2022-06-29,0.5276591687599868
2022-06-30,0.8525962946474351
2022-07-01,0.44265771285007866
2022-07-04,-0.003710985464299684
2022-07-05,-1.8938185775618521
2022-07-06,0.6009153059178248
2022-07-07,-1.788414550248037
2022-07-08,-0.25432251321987653
2022-07-11,1.698204450290951
2022-07-12,-0.3914497529556801
2022-07-13,-0.5394624457728514
2022-07-14,-0.05430936117131029
2022-07-15,0.040582397835665356
2022-07-18,-0.6451676676358313
2022-07-19,-1.0704278499338309
2022-07-20,-1.6087850792699219
2022-07-21,0.04427812526762103
2022-07-22,1.9834836664596276
2022-07-25,0.7194045542057059
2022-07-26,1.4159783881656032
2022-07-27,-1.2370839599146861
2022-07-28,0.10525864790782119
2022-07-29,0.06636071432419924
2022-08-01,0.36059635268045576
2022-08-02,-1.0194101472939692
2022-08-03,-0.7363572626902803
2022-08-04,-0.17650750406658947
2022-08-05,-0.523595988424577
2022-08-08,-0.4485656102198682
2022-08-09,1.3235192761116101
2022-08-10,-1.8820401634361803
2022-08-11,-0.1552162296162577
2022-08-12,-0.6331415560095413
2022-08-15,0.1437980004741571
2022-08-16,0.28748961751728047
2022-08-17,1.0318933866662292
2022-08-18,-0.05378552636094977
2022-08-19,1.6833629350328623
2022-08-22,0.4519556192223711
2022-08-23,-0.9502468863726253
2022-08-24,-0.7373852162042192
2022-08-25,-0.522659286908731
2022-08-26,0.8832468727803652
2022-08-29,-0.19803758311997927
2022-08-30,0.15717255994195412
2022-08-31,-0.03872839066964508
2022-09-01,0.30466315804284033
2022-09-02,-0.25991743275989826
2022-09-05,-0.006615121482414351
2022-09-06,0.06295698787451422
2022-09-07,-0.22470498840475422
2022-09-08,-0.8078566258160388
2022-09-09,-0.6829716337966111
2022-09-12,-0.4169410912182329
2022-09-13,0.6080155002343818
2022-09-14,-0.5748695754542024
2022-09-15,0.3625101628160147
2022-09-16,1.7773365019379164
2022-09-19,-0.24600334995217749
2022-09-20,0.146850051307206
2022-09-21,0.5317709886938319
2022-09-22,0.33754173965755785
2022-09-23,-0.3022620880514889
2022-09-26,-0.38888744982711254
2022-09-27,-1.216443808941226
2022-09-28,-0.5129300007862544
2022-09-29,0.2749091453100682
2022-09-30,0.06119192495634431
2022-10-03,0.26774156918131914
2022-10-04,-1.1421587127829185
2022-10-05,-0.9685659035177969
2022-10-06,-0.6176817444585355
2022-10-07,0.7503637707220276
2022-10-10,1.3344027221258734
2022-10-11,0.4272543106721086
2022-10-12,0.0684891979599526
2022-10-13,0.8449823077623786
2022-10-14,0.7536843488175832
2022-10-17,-0.5945941854252461
2022-10-18,0.049288535002340574
2022-10-19,0.7513555810106255
2022-10-20,-0.5080707188106862
2022-10-21,0.07773491318284334
2022-10-24,0.4644983603472025
2022-10-25,-0.8912317240618016
2022-10-26,-0.03039572293866974
2022-10-27,0.9366578215751761
2022-10-28,0.4250286975808897
2022-10-31,-0.15557356765321204
2022-11-01,-0.037919274300805106
2022-11-02,1.3651594422412114
2022-11-03,0.017651054096112298
2022-11-04,0.7417140520186283
2022-11-07,-0.08121235648607483
2022-11-08,-0.024344823338927804
2022-11-09,1.1680613858052697
2022-11-10,-2.096534935382617
2022-11-11,-2.910657762714537
2022-11-14,0.6331156867712061
2022-11-15,-1.0886079013633534
2022-11-16,1.4052144175806807
2022-11-17,0.5988518654200979
2022-11-18,0.9095734664359898
2022-11-21,0.9386930773372156
2022-11-22,-0.04629908646317498
2022-11-23,-0.38980596309664917
2022-11-24,-0.009409522900434125
2022-11-25,0.5625974011218677
2022-11-28,0.21156214824881145
2022-11-29,-0.10172246249194905
2022-11-30,-0.5936691132861809
2022-12-01,-0.32583173427269524
2022-12-02,-0.055068789928487204
2022-12-05,0.36046230452213013
2022-12-06,0.7166220714149795
2022-12-07,0.2957324308719907
2022-12-08,-0.45042456943297293
2022-12-09,0.18433675063379873
2022-12-12,-0.35137072479479603
2022-12-13,-0.7290786024548956
2022-12-14,-0.6025350245806791
2022-12-15,0.3166062789993474
2022-12-16,0.12237345522842515
2022-12-19,0.5628131903547697
2022-12-20,0.11343825823714995
2022-12-21,-0.0687799019675408
2022-12-22,0.3800817988029841
2022-12-23,0.6213326893437271
2022-12-26,-0.010100304935281685
2022-12-27,0.42055742910930577
2022-12-28,-0.519356641473171
2022-12-29,-0.9012167712461774
2022-12-30,-0.750166511574598
2023-01-02,-0.010111312889811699
2023-01-03,0.448187965270892
2023-01-04,-1.1715610775460013
2023-01-05,-0.26351329191508266
2023-01-06,0.6660608739350575
2023-01-09,-0.8074513481551745
2023-01-10,-0.7834554635665738
2023-01-11,-0.22782451389177033
2023-01-12,-0.9544243640149309
2023-01-13,-0.474387956082684
2023-01-16,-0.009851422021591746
2023-01-17,-0.1536216466868858
2023-01-18,-0.0357789736379314
2023-01-19,0.6683730618674358
2023-01-20,-0.7960370754065261
2023-01-23,-1.4479747723774878
2023-01-24,0.4734506774246924
2023-01-25,0.25832315720592924
2023-01-26,-0.6233571244973019
2023-01-27,-0.6915136981966148
2023-01-30,1.8001487295127017
2023-01-31,-0.4563149776701867
2023-02-01,-0.7160559519624129
2023-02-02,-0.711273002025679
2023-02-03,0.63034343329631
2023-02-06,0.4966592518281274
2023-02-07,-0.27924887965714684
2023-02-08,0.22199414523754157
2023-02-09,0.29788177916652403
2023-02-10,0.9810020238841348
2023-02-13,-0.2550629473619505
2023-02-14,-0.7024966086507939
2023-02-15,-0.5133410713119765
2023-02-16,0.6021850691476325
2023-02-17,0.9206859037849261
2023-02-20,-0.010834286519998529
2023-02-21,0.9448729888922933
2023-02-22,-0.5873269517918721
2023-02-23,-0.15460628515111613
2023-02-24,0.45180019186261844
2023-02-27,-0.40011209791318314
2023-02-28,-0.4342301392500615
2023-03-01,-0.3359081987216276
2023-03-02,0.05244485610442077
2023-03-03,-0.8618092338903901
2023-03-06,0.2528105981375222
2023-03-07,-0.32397008875254985
2023-03-08,-0.04696658034848599
2023-03-09,0.3636035632099525
2023-03-10,0.48311429289631974
2023-03-13,-1.3883454583224204
2023-03-14,0.19153210273265864
2023-03-15,0.020416827890544942
2023-03-16,0.5057431271699725
2023-03-17,-0.3381374881217174
2023-03-20,0.22879757936477285
2023-03-21,-1.042397495855223
2023-03-22,-0.23917897426695237
2023-03-23,-0.776895225243071
2023-03-24,1.579502181540363
2023-03-27,0.19787812718560527
2023-03-28,0.30678799049133093
2023-03-29,-0.7588762576203791
2023-03-30,-0.17968067682324068
2023-03-31,-0.25814877612323545
2023-04-03,0.3649853457239246
2023-04-04,0.6326625870050768
2023-04-05,1.312410516936007
2023-04-06,0.21530340522128635
2023-04-07,-0.010995534430797895
2023-04-10,-0.7918671640740328
2023-04-11,-0.6979869417570577
2023-04-12,0.6806923248379751
2023-04-13,-1.0710198310980035
2023-04-14,-0.2558561995457074
2023-04-17,-0.214359529246014
2023-04-18,-0.564527360685619
2023-04-19,0.14995799330309062
2023-04-20,0.744667294021576
2023-04-21,-0.4372467352794026
2023-04-24,0.12225097426033145
2023-04-25,0.5580744340252961
2023-04-26,-0.3033291177402117
2023-04-27,0.13481766082397875
2023-04-28,-0.45115791233560154
2023-05-01,-0.12389303899151573
2023-05-02,-0.7175757174299604
2023-05-03,-0.775083753991886
2023-05-04,-0.16968941735103962
2023-05-05,0.015397043532961206
2023-05-08,-1.2643873143451796
2023-05-09,-0.006620215884851294
2023-05-10,-0.05563499267665134
2023-05-11,0.100620356402588
2023-05-12,0.3399096259004997
2023-05-15,-0.7956885761679451
2023-05-16,-0.018467668924056612
2023-05-17,-0.335508892917463
2023-05-18,-0.4053774498942575
2023-05-19,0.24082228011911144
2023-05-22,-0.4494837220086657
2023-05-23,0.48055310019783093
2023-05-24,0.1927032095308434
2023-05-25,-0.496787101791754
2023-05-26,-0.6825916449087733
2023-05-29,-0.01095977803267774
2023-05-30,-0.5881957050846556
2023-05-31,0.08610418724117508
2023-06-01,0.002833248225930351
2023-06-02,0.32428864136208746
2023-06-05,-0.3104883537532025
2023-06-06,-0.109285979718094
2023-06-07,0.5397276306955288
2023-06-08,0.15303403245180505
2023-06-09,-0.08330855550813257
2023-06-12,-0.45338220966270915
2023-06-13,-0.6060793453067049
2023-06-14,0.026613441196223213
2023-06-15,0.35262766714696436
2023-06-16,1.1708295970187486
2023-06-19,-0.01185508439254743
2023-06-20,-0.6911823077890188
2023-06-21,0.6608804890999065
2023-06-22,-0.3704063991504626
2023-06-23,-0.1082187708454657
2023-06-26,0.3445636350345107
2023-06-27,-0.742484870478103
2023-06-28,-0.8042438754758382
2023-06-29,0.21380920619511443
2023-06-30,-0.38977627960885314
2023-07-03,0.03173402087310839
2023-07-04,-0.01137671146150385
2023-07-05,-0.10946404564114608
2023-07-06,0.23058917615178423
2023-07-07,-0.668121052086576
2023-07-10,-1.3312512917525903
2023-07-11,-0.4544158881636508
2023-07-12,-0.21781495524458758
2023-07-13,-0.13880762683051007
2023-07-14,0.9995787334670426
2023-07-17,-0.26450497393980804
2023-07-18,0.21577529813212587
2023-07-19,0.3604313963059132
2023-07-20,1.4401579546984258
2023-07-21,-0.10975618622388202
2023-07-24,0.8368814113971055
2023-07-25,-0.16107924641519877
2023-07-26,0.01182595996527166
2023-07-27,0.49563198037847134
2023-07-28,-1.0344352130000396
2023-07-31,-0.8415035362308976
2023-08-01,0.003197768814238217
2023-08-02,1.1112765878296305
2023-08-03,0.11045396526558114
2023-08-04,0.07755268179068828
2023-08-07,0.8459590581686072
2023-08-08,0.006296777273399061
2023-08-09,0.43918164674941684
2023-08-10,0.1674757255158893
2023-08-11,0.4304029665370471
2023-08-14,-0.7959556930330428
2023-08-15,-0.01618329830915236
2023-08-16,0.48540964180556323
2023-08-17,0.09066308298454061
2023-08-18,-0.04235691864308512
2023-08-21,-0.19069005743072867
2023-08-22,-0.2600944903541064
2023-08-23,-0.10358657205853936
2023-08-24,0.5762504912297954
2023-08-25,0.15119589871677716
2023-08-28,0.030858082111460197
2023-08-29,-0.660390173363002
2023-08-30,-0.20506679292408228
2023-08-31,-0.6880868963580815
2023-09-01,-0.06303251233208582
2023-09-04,-0.011563234734670915
2023-09-05,-0.5519837938063775
2023-09-06,-0.14626745552141798
2023-09-07,0.5014872664597115
2023-09-08,0.3018321758699396
2023-09-11,0.1596366241890729
2023-09-12,0.0650078257670346
2023-09-13,0.23250027239064755
2023-09-14,0.440174141796998
2023-09-15,0.47553509816364875
2023-09-18,0.42702599714254236
2023-09-19,-0.11632563900151813
2023-09-20,0.3412131130129623
2023-09-21,0.28585741648989893
2023-09-22,0.1479385976635636
2023-09-25,-0.09723171721103553
2023-09-26,-0.3284758224118305
2023-09-27,-0.42433624512874785
2023-09-28,-0.28095684207866967
2023-09-29,-0.2942809626739504
2023-10-02,-0.30536274286742077
2023-10-03,0.4451425973034771
2023-10-04,0.4672669380772845
2023-10-05,0.33078746437036644
2023-10-06,-0.19671311700766964
2023-10-09,0.8036200070425874
2023-10-10,-0.7110765459629109
2023-10-11,-0.19991365491908536
2023-10-12,0.6754019314289624
2023-10-13,0.5866252061965976
2023-10-16,-0.000912563043257923
2023-10-17,0.054606430907274524
2023-10-18,0.2345843722608145
2023-10-19,-0.09283557843064758
2023-10-20,0.23770219334859938
2023-10-23,-0.24191461589756985
2023-10-24,-0.05849670841842975
2023-10-25,1.0182644828984215
2023-10-26,0.3800953552503514
2023-10-27,-0.05696209587388596
2023-10-30,0.2546573926251799
2023-10-31,-0.07772608743635051
2023-11-01,0.42094468855598705
2023-11-02,-0.3245132216458384
2023-11-03,-0.9528617721431383
2023-11-06,0.31408914177194774
2023-11-07,-0.5920371085981448
2023-11-08,0.07197632719519706
2023-11-09,0.821663896966444
2023-11-10,0.2841810799397682
2023-11-13,-0.04667869659096897
2023-11-14,-0.2416914880457877
2023-11-15,-0.9134616276673071
2023-11-16,0.6042921804456209
2023-11-17,-0.6249828753424203
2023-11-20,-0.4126953490527143
2023-11-21,0.9161749482963656
2023-11-22,0.16859652631571687
2023-11-23,-0.011438162043979095
2023-11-24,0.4557799266669441
2023-11-27,-0.1795004111493369
2023-11-28,-0.37559945775113895
2023-11-29,-0.6188845717548905
2023-11-30,0.534374476373872
2023-12-01,-0.48654020548766463
2023-12-04,-0.2918743227398066
2023-12-05,0.25810918162065927
2023-12-06,-0.5211345755387634
2023-12-07,-0.03532843443085566
2023-12-08,-0.2755194318582531
2023-12-11,0.416460256750203
2023-12-12,-0.023854047776247524
2023-12-13,-0.48151468733581837
2023-12-14,-1.435133812872284
2023-12-15,0.3855136454971077
2023-12-18,0.943270381650448
2023-12-19,-0.24412995995716347
2023-12-20,0.7092909148305105
2023-12-21,-0.7005029774618765
2023-12-22,-0.018779717425529616
2023-12-25,-0.010830848495485625
2023-12-26,-0.5026390858577567
2023-12-27,-0.11985851304510058
2023-12-28,-0.2597606446276898
2023-12-29,0.8320924732126971
2024-01-01,-0.010831736674253974
2024-01-02,0.7918673113094987
2024-01-03,0.5796069191195898
2024-01-04,0.09611567510437243
2024-01-05,-0.18391832073397651
2024-01-08,-0.6848108811564382
2024-01-09,-0.4408934927092158
2024-01-10,0.031868619233931667
2024-01-11,0.3448751565625845
2024-01-12,0.8453653794145782
2024-01-15,-0.010966040705920038
2024-01-16,0.007572405922541123
2024-01-17,0.389931418736228
2024-01-18,0.20483184219242495
2024-01-19,0.14242643539885472
2024-01-22,-0.34694212651097445
2024-01-23,-0.11023324575110374
2024-01-24,0.06524418480683591
2024-01-25,0.21457496992356548
2024-01-26,-0.1190265746562077
2024-01-29,-0.7717350939246675
2024-01-30,0.36895231848981186
2024-01-31,-0.10611634142452893
2024-02-01,0.34257809156914665
2024-02-02,-0.27850552309486565
2024-02-05,-0.17469877448803656
2024-02-06,-0.5035490836603517
2024-02-07,0.017784355273017464
2024-02-08,-0.5249164875032377
2024-02-09,-0.09927075507730168
2024-02-12,-0.38083949027589653
2024-02-13,0.4721181993068092
2024-02-14,-0.32390764773360764
2024-02-15,0.34264770945578116
2024-02-16,0.11072065063845425
2024-02-19,-0.010745505230083486
2024-02-20,0.26824175390614735
2024-02-21,0.6113109434066214
2024-02-22,0.17592014956848365
2024-02-23,0.3728401647035376
2024-02-26,-0.7666160100309234
2024-02-27,-0.9169764603580516
2024-02-28,-0.019703214196653746
2024-02-29,-0.28033244210517627
2024-03-01,-0.33281962041512836
2024-03-04,0.6922813964874082
2024-03-05,0.43316742174201744
2024-03-06,0.01520087276238409
2024-03-07,-0.09094237617108776
2024-03-08,0.12928260663756058
2024-03-11,0.46837586134070663
2024-03-12,0.4023220467650741
2024-03-13,-0.034602285872297044
2024-03-14,0.2849439913486161
2024-03-15,0.1479303473717326
2024-03-18,-0.26138117155324164
2024-03-19,0.1593472999445169
2024-03-20,-0.0575722050313123
2024-03-21,0.044046617293648
2024-03-22,-0.015228702254074496
2024-03-25,0.06670357425208598
2024-03-26,0.020504551194351312
2024-03-27,-0.050550304632267305
2024-03-28,-0.008701317538499457
2024-03-29,-0.011076280617444072
2024-04-01,0.21892189374981266
2024-04-02,0.16764911746379416
2024-04-03,-0.10984355222329756
2024-04-04,0.1605130256113164
2024-04-05,0.1770416927465364
2024-04-08,-0.13556049361863715
2024-04-09,-0.35221217973657853
2024-04-10,0.0505074685514745
2024-04-11,-0.010206111260779064
2024-04-12,0.3774345127728477
2024-04-15,0.34538344336666665
2024-04-16,0.03638224460824159
2024-04-17,0.11286674305900465
2024-04-18,0.4198483190970683
2024-04-19,0.8412230723185276
2024-04-22,0.3646743210550204
2024-04-23,-0.290382373145257
2024-04-24,-0.04214086159681978
2024-04-25,0.06106659135618236
2024-04-26,-0.24104434043154904
2024-04-29,0.10732078302344931
2024-04-30,-0.09629543578931536
2024-05-01,-0.0008423881818111099
2024-05-02,-0.26980603295167555
2024-05-03,-0.3104725854077424
2024-05-06,-0.27184584051547567
2024-05-07,0.4050149018241484
2024-05-08,0.4333783651389059
2024-05-09,0.1562233397907384
2024-05-10,0.42703112254817555
2024-05-13,-0.8839024773137577
2024-05-14,-0.2540480506238058
2024-05-15,-0.026125626410694523
2024-05-16,0.5563333149018899
2024-05-17,0.33466366557009886
2024-05-20,-0.07184917191138102
2024-05-21,0.39657313974063885
2024-05-22,-0.2686217840108089
2024-05-23,0.10318005685037239
2024-05-24,0.19072802394729754
2024-05-27,-0.01130577828510907
2024-05-28,-0.06389233248793383
2024-05-29,-0.3345604671205855
2024-05-30,0.20669269457611214
2024-05-31,0.5091828858105502
2024-06-03,-0.11646329049453112
2024-06-04,0.14839439930135107
2024-06-05,-0.7807360781096725
2024-06-06,0.28797390064015355
2024-06-07,-0.05721681001780382
2024-06-10,-0.2013627354725496
2024-06-11,-0.02985617335416632
2024-06-12,-0.136220384327309
2024-06-13,-0.022603810765547114
2024-06-14,0.3659751139352783
2024-06-17,0.024323728862792104
2024-06-18,0.10288285225134564
2024-06-19,-0.011315550617320267
2024-06-20,0.527894783341283
2024-06-21,-0.20413196315777335
2024-06-24,0.45500580411665675
2024-06-25,-0.5020717778900482
2024-06-26,-0.09602352133362686
2024-06-27,0.17693894763679596
2024-06-28,0.3084432054945895
2024-07-01,0.017204630866555402
2024-07-02,0.10248855355684179
2024-07-03,-0.23116042277060034
2024-07-04,-0.01124026778876711
2024-07-05,-0.32673040165304273
2024-07-08,-0.41806724484085445
2024-07-09,-0.3483233769142234
2024-07-10,0.15616710759521565
2024-07-11,-0.25700406307845264
2024-07-12,0.06754529706609498
2024-07-15,0.01841758478011712
2024-07-16,0.1489415047974047
2024-07-17,1.088571585393925
2024-07-18,0.6140046852488825
2024-07-19,-0.09888390828324611
2024-07-22,-0.007544987433730139
2024-07-23,-0.1279529089042493
2024-07-24,0.5919025791595232
2024-07-25,-0.12053997169382717
2024-07-26,0.13386058894700836
2024-07-29,0.1425960156141056
2024-07-30,0.6846630043896405
2024-07-31,0.048786672804315465
2024-08-01,0.4804915729220933
2024-08-02,0.17132995232701093
2024-08-05,-1.1779792328444918
2024-08-06,0.2507594974756023
2024-08-07,0.41809710527604066
2024-08-08,-0.21092706672975603
2024-08-09,0.17171422528127805
2024-08-12,-0.024428968662644424
2024-08-13,-0.04865887834008112
2024-08-14,0.5342565610242133
2024-08-15,-0.20309895287739937
2024-08-16,0.40288824800295864
2024-08-19,0.09434174494920212
2024-08-20,-0.11357987492851115
2024-08-21,-0.23784430226906636
2024-08-22,0.38497091066135775
2024-08-23,0.09592357225260666
2024-08-26,0.0928232407823141
2024-08-27,0.27850723821013873
2024-08-28,0.6093272578147596
2024-08-29,0.2815042731939012
2024-08-30,0.42828770145268613
2024-09-02,-0.010874206408299222
2024-09-03,0.5811025805460239
2024-09-04,-0.014212311688523488
2024-09-05,-0.0940315800330735
2024-09-06,0.03815092946423735
2024-09-09,-0.2633492844725289
2024-09-10,0.0787340546144227
2024-09-11,-0.731485796840751
2024-09-12,0.24648081246758619
2024-09-13,-0.23839487826394037
2024-09-16,0.5259926877902529
2024-09-17,-0.7211455724408128
2024-09-18,-0.2497517744489714
2024-09-19,0.02303967360307274
2024-09-20,0.5238499595519913
2024-09-23,0.2935782007295666
2024-09-24,0.11594232507796741
2024-09-25,-0.02078205840893795
2024-09-26,-0.44544296061654887
2024-09-27,0.024025722948210797
2024-09-30,0.41965138873301283
2024-10-01,0.5167754165744132
2024-10-02,-0.3227587612922081
2024-10-03,-0.07656727355498195
2024-10-04,-0.23167364381019387
2024-10-07,0.005813025481260926
2024-10-08,-0.06918102511204123
2024-10-09,0.08837607374128016
2024-10-10,0.13106895609224462
2024-10-11,-0.1562696259467427
2024-10-14,-0.04554397930611012
2024-10-15,0.1517593543799638
2024-10-16,0.120954314121927
2024-10-17,0.34871487591720884
2024-10-18,-0.2899307170354497
2024-10-21,-0.8963397834992078
2024-10-22,-0.29309071260332875
2024-10-23,0.5403164479541925
2024-10-24,0.16499838209874362
2024-10-25,-0.2709870659439899
2024-10-28,-0.6671526544101398
2024-10-29,-0.027522392324105006
2024-10-30,0.10822298119494192
2024-10-31,0.2531272654479719
2024-11-01,-0.5930438567059074
2024-11-04,-0.039182817785426406
2024-11-05,0.09356584904671443
2024-11-06,1.1093622170522757
2024-11-07,-0.5802242259762531
2024-11-08,0.05609437518828245
2024-11-11,-0.43070988643064195
2024-11-12,0.18964054637316957
2024-11-13,0.048464160444912405
2024-11-14,-0.08983964006937627
2024-11-15,0.4437037424135649
2024-11-18,0.45343566662815626
2024-11-19,-0.4565480686774862
2024-11-20,-0.04106412062805611
2024-11-21,0.11071943586830943
2024-11-22,-0.6140931110711417
2024-11-25,-0.9260331342654908
2024-11-26,0.4889515186429497
2024-11-27,-0.05417111303373313
2024-11-28,-0.009785121744582308
2024-11-29,-0.4734815433313223
2024-12-02,-0.6449204851253979
2024-12-03,0.4092461466124626
2024-12-04,-0.547036912184631
2024-12-05,0.15951053611022642
2024-12-06,-0.6366190047423007
2024-12-09,-0.08450018434637004
2024-12-10,0.49190443926161403
2024-12-11,-0.07001103278989868
2024-12-12,0.5037400432896064
2024-12-13,0.13256744574314125
2024-12-16,-0.7853211230987903
2024-12-17,-0.21937451399496344
2024-12-18,-0.7306308052958465
2024-12-19,0.21771747017625231
2024-12-20,0.16948380729772994
2024-12-23,-0.09856259988931888
2024-12-24,0.15668906487309148
2024-12-25,-0.009580569354003166
2024-12-26,-0.004685037042735539
2024-12-27,-0.1907005812144353
2024-12-30,1.411212364154725
2024-12-31,-0.18158536194975122
2025-01-01,-0.009534132661083296
2025-01-02,0.03479373390000319
2025-01-03,-0.34084988781560666
2025-01-06,-1.2707969162352142
2025-01-07,-0.21537488184857917
2025-01-08,0.9360737914819691
2025-01-09,-0.009468935445466937
2025-01-10,-0.38407102191262965
2025-01-13,0.4073102805857601
2025-01-14,0.5960499215799631
2025-01-15,-0.21570387583631206
2025-01-16,0.23545100051226242
2025-01-17,-0.12341714205568016
2025-01-20,-0.009506256698034832
2025-01-21,0.20812186874624244
2025-01-22,-0.5224138138841788
2025-01-23,-0.04125084772177646
2025-01-24,0.1646914965371222
2025-01-27,1.1437097381701649
2025-01-28,-0.4780024334573919
2025-01-29,0.12623193365099977
2025-01-30,-0.002874917745616156
2025-01-31,-0.15309473119843198
2025-02-03,0.31092646709051686
2025-02-04,-0.4171789792665473
2025-02-05,-0.13592200158203577
2025-02-06,0.15852869864436664
2025-02-07,0.3068440398729887
2025-02-10,-0.13124858021139554
2025-02-11,0.8842630301666818
2025-02-12,-0.28408191932303345
2025-02-13,0.16949373723990882
2025-02-14,-0.2857002685042206
2025-02-17,-0.00955384236007586
2025-02-18,-0.05666230236488869
2025-02-19,0.44770398406496803
2025-02-20,0.3472160115188684
2025-02-21,0.8550892892947005
2025-02-24,0.2733521072314868
2025-02-25,0.5954003342727995
2025-02-26,-0.3146856151741903
2025-02-27,0.44128591388481
2025-02-28,0.581693690789252
2025-03-03,0.6715043944104345
2025-03-04,-0.7210977842065589
2025-03-05,-0.466178913616135
2025-03-06,0.37569887225064663
2025-03-07,0.38409282341183754
2025-03-10,0.3822122810446219
2025-03-11,-0.8944786273657166
2025-03-12,-0.3553011093857388
2025-03-13,0.7370963722078153
2025-03-14,0.11834791196144041
2025-03-17,-0.09395906373941647
2025-03-18,0.7232847147545625
2025-03-19,-0.17184781212174025
2025-03-20,0.2871943405983187
2025-03-21,-0.2395342248888198
2025-03-24,-0.4490650651390598
2025-03-25,0.007594884609601551
2025-03-26,0.6508719111770315
2025-03-27,0.6124545231534758
2025-03-28,0.032021133135879815
2025-03-31,0.9166511325017834
2025-04-01,0.09353220229249348
2025-04-02,-0.9233363800826822
2025-04-03,1.1730684908761004
2025-04-04,-3.414320538115391
2025-04-07,-1.4080717103810807
2025-04-08,0.23481059796978082
2025-04-09,-0.23327972133021488
2025-04-10,-0.31278186812187725
2025-04-11,0.7135868249831374
2025-04-14,0.8663398219079804
2025-04-15,0.23187769782104534
2025-04-16,0.6114699613345088
2025-04-17,0.6385466440375213
2025-04-18,-0.010552768826819514
2025-04-21,-0.4384490411855787
2025-04-22,0.3160190977341166
2025-04-23,-0.6152117951629437
2025-04-24,-0.6939514964297846
2025-04-25,-0.4671368430470036
2025-04-28,0.17257159517135195
2025-04-29,0.6104636543829123
2025-04-30,0.029648681813311335
